name	val_accuracy_epoch	val_f1_epoch	val_loss_epoch
smart-stochastic-[5-7]	0.720588207244873	0.7712419033050537	0.5534321665763855
s2fp8	0.686274528503418	0.758169949054718	0.6206110119819641
smart-stochastic-[6-8]	0.7401960492134094	0.8033613562583923	0.5200533866882324
fp16	0.7745097875595093	0.787581741809845	0.49198970198631287
bf16	0.686274528503418	0.758169949054718	0.616009533405304
smart-stochastic-[4-6]	0.686274528503418	0.758169949054718	0.6154389381408691
fp32	0.7696078419685364	0.7810457944869995	0.4857318103313446
fp8	0.3137255012989044	0.0	0.9039600491523743
