Name	Train Loss	Val Loss	Accuracy	F1	Compression Ratio
fp32-bert-glue-forward,backward,weights,gradients,momentum_vectors,loss--20210211_000526	0.003426307113841176	0.5788730978965759	0.6535294097661972	0.6521568888425827	1.0
s2fp8-bert-glue-forward,weights,gradients,loss--20210212_180127	0.33771488070487976	0.6127579212188721	0.6404061785766056	0.6619981447500842	3.9983566482766757
bf16-bert-glue-forward,backward,weights,gradients,momentum_vectors,loss--20210210_202759	0.007935170084238052	0.574670135974884	0.6621568611264229	0.6698366218805313	1.0
smfp-6,8-20210209_224834	0.03121439181268215	0.5779070258140564	0.6676470574736595	0.6840196341276169	4.836174725213722
fp8-bert-glue-forward,backward,weights,gradients,momentum_vectors,loss--20210210_131305	0.35722169280052185	0.6180920004844666	0.6861764883995056	0.758039231300354	1.0
smfp-5,7-20210211_031028	0.16754165291786194	0.5741134881973267	0.6899509829282761	0.7309477397799492	5.668919210586158
fp16-bert-glue-forward,backward,weights,gradients,momentum_vectors,loss--20210210_165034	0.3678765296936035	0.6205145120620728	0.686274528503418	0.758169949054718	1.0
smartfp-bert-glue-forward,weights,gradients,loss-6,8-20210212_074935	0.014664354734122753	0.5813077688217163	0.6584803879261016	0.656666687130928	4.871964779136866
